Sender,Subject,Time
Project Management .,Does More Planning Always Mean Better Results?,"Thu, Apr 16, 2026, 3:06 PM"
Freelancer.com,"Ajoy, these Graphic Design, Illustrator, and Adobe Illustrator projects and contests might interest you","Thu, Apr 16, 2026, 9:00 AM"
Precious L. William.,What Your Pitch Is Saying (Without You Even Knowing),"Thu, Apr 16, 2026, 5:42 AM"
Gamma,Your Imagine access ends on April 16th,"Thu, Apr 16, 2026, 4:48 AM"
Greenleaf Students,(no subject),"Wed, Apr 15, 2026, 10:13 PM"
Project Management .,Why Risk Management Is Ignored Until It’s Too Late,"Wed, Apr 15, 2026, 5:06 PM"
Google,Help strengthen the security of your Google Account,"Wed, Apr 15, 2026, 3:36 PM"
ZoomCharts via Link.,20 Supply Chain and Retail Power BI Report Examples,"Wed, Apr 15, 2026, 12:02 PM"
Md. Min Khayer (Cla.,"New announcement: ""Dear students, We are going to have our…""","Wed, Apr 15, 2026, 11:35 AM"
Md. Min Khayer (Cla.,"New assignment: ""Assignment of Spring 2026 Semester""","Wed, Apr 15, 2026, 11:34 AM"
Md. Min Khayer (Cla.,"New material: ""Lecture 5 | Modeling Activity""","Wed, Apr 15, 2026, 9:38 AM"
Freelancer.com,"Ajoy, these Graphic Design, Branding, and Photoshop projects and contests might interest you","Wed, Apr 15, 2026, 9:03 AM"
LinkedIn Premium,"Ajoy, your profile is getting hits","Wed, Apr 15, 2026, 8:11 AM"
iubat cse (Classroo.,"New announcement: ""Today and tomorrow's class is postponed.""","Wed, Apr 15, 2026, 6:27 AM"
Netlify,Stop paying for people. ,"Wed, Apr 15, 2026, 1:01 AM"
Free-eBooks.net,Our Biggest Best Self Improvement Collection,"Tue, Apr 14, 2026, 6:10 PM"
Project Management ., Leadership vs. Management in Project Environments: Why the Difference Defines Success,"Tue, Apr 14, 2026, 3:07 PM"
Data Solution-360 (.,"New announcement: ""Class 46: 13 April, 2026 Recorded Class…""","Tue, Apr 14, 2026, 12:05 PM"
Freelancer.com,"Ajoy, these Graphic Design, Adobe Illustrator, and Photoshop projects and contests might interest you","Tue, Apr 14, 2026, 9:01 AM"
Project Management ., Project Portfolio Control — All Your Projects. One Dashboard. One Decision Point.,"Tue, Apr 14, 2026, 3:00 AM"
Hisham Sarwar via L.,Still Confused About Online Opportunities? Let’s Fix That (Guaranteed). LIVE Session 3 PM (Tuesday),"Tue, Apr 14, 2026, 1:12 AM"
Freelancer.com,Vote NOW. You earned this! ,"Mon, Apr 13, 2026, 11:09 PM"
The Economist via L.,There is time to resurrect talks between America and Iran,"Mon, Apr 13, 2026, 4:25 PM"
Infyntrek HR,Official Internship Offer – Data Science & Machine Learning Program at Infyntrek Systèmes,"Mon, Apr 13, 2026, 3:41 PM"
World Health Organi.,"Global Health in Action: Science, Healthy Cities and One Health","Mon, Apr 13, 2026, 3:31 PM"
Freelancer.com,New activity in Freelancer Onboarding,"Mon, Apr 13, 2026, 3:15 PM"
Md. Saidur Rahman (.,"New announcement: ""Chapter 2, 4 Slide""","Mon, Apr 13, 2026, 1:16 PM"
Marketing Departmen.,Nazarbayev University: New Programs Alert ,"Mon, Apr 13, 2026, 11:34 AM"
Awesome Analytics v.,4 Excel Updates Released This Month,"Mon, Apr 13, 2026, 10:30 AM"
Freelancer.com,"Ajoy, these Graphic Design, Logo Design, and Photoshop projects and contests might interest you","Mon, Apr 13, 2026, 9:01 AM"
Project Management .,"Multi-Project Resource Conflict Resolver Template (Excel) — PMO Dashboard, Capacity Heatmap, Conflict Detection & Cost Impact","Mon, Apr 13, 2026, 4:57 AM"
Infyntrek Systèmes .,Your Infyntrek Systèmes OTP is Here – Login Access for Test,"Sun, Apr 12, 2026, 8:44 PM"
noreply,"Codeforces Round 1093 (Div. 1, Div. 2)","Sun, Apr 12, 2026, 4:37 PM"
Google,Security alert,"Sun, Apr 12, 2026, 3:18 PM"
Project Management .,How to Give Bad News to Stakeholders Professionally,"Sun, Apr 12, 2026, 3:02 PM"
Freelancer.com,"Ajoy, these Graphic Design, Photoshop, and Logo Design projects and contests might interest you","Sun, Apr 12, 2026, 8:55 AM"
Zoom,Pathway to Peace Youth Consultation Confirmation,"Sun, Apr 12, 2026, 1:00 AM"
IYCforYouth,IYC13 Delegates: Meeting tomorrow for Pathway to Peace Consultation,"Sat, Apr 11, 2026, 11:55 PM"
Project Management .,How Dashboards Improve Project Decision-Making,"Sat, Apr 11, 2026, 3:04 PM"
Sanjana Patra,Google - Software Engineer (Multiple Roles) | Apply,"Sat, Apr 11, 2026, 1:08 PM"
Md. Min Khayer (Cla.,"New announcement: ""Please find the attached file of…""","Sat, Apr 11, 2026, 10:45 AM"
Data Solution-360 (.,"New announcement: ""Class 44: 10 April, 2026 Recorded Class…""","Sat, Apr 11, 2026, 9:38 AM"
Freelancer.com,"Ajoy, these Graphic Design, Logo Design, and Adobe Illustrator projects and contests might interest you","Sat, Apr 11, 2026, 8:55 AM"
noreply,"Codeforces Round 1092 (Div. 1, Div. 2, Based on THUPC 2026 — Finals)","Sat, Apr 11, 2026, 7:30 AM"
Free-eBooks.net,Limited Offer. Open Today.,"Fri, Apr 10, 2026, 11:00 PM"
LeetCode,LeetCode Weekly Digest,"Fri, Apr 10, 2026, 7:49 PM"
PayPal Communicatio.,We're making some changes to our PayPal legal agreements,"Fri, Apr 10, 2026, 7:48 PM"
Midea Building Tech.,Precision Cooling for AI Data Centers: MBT’s Cooling Solution for the 1000P Pengcheng Cloud Brain II,"Fri, Apr 10, 2026, 4:04 PM"
Forms Response Rece.,Thanks for filling out this form: SUMMER INDUSTRIAL CAREER ADVANCEMENT PROGRAM 2026 (IN COLLABORATION WITH IBM),"Fri, Apr 10, 2026, 2:25 PM"
IBM OPERATIONS,Fwd: Unlock New Skills – Limited Seats Available for summer IBM Workshop 2026,"Fri, Apr 10, 2026, 1:03 PM"
