Sender,Subject
Project Management .,Does More Planning Always Mean Better Results?
Freelancer.com,"Ajoy, these Graphic Design, Illustrator, and Adobe Illustrator projects and contests might interest you"
Precious L. William.,What Your Pitch Is Saying (Without You Even Knowing)
Gamma,Your Imagine access ends on April 16th
Greenleaf Students,(no subject)
Project Management .,Why Risk Management Is Ignored Until It’s Too Late
Google,Help strengthen the security of your Google Account
ZoomCharts via Link.,20 Supply Chain and Retail Power BI Report Examples
Md. Min Khayer (Cla.,"New announcement: ""Dear students,
We are going to have our…"""
Md. Min Khayer (Cla.,"New assignment: ""Assignment of Spring 2026 Semester"""
Md. Min Khayer (Cla.,"New material: ""Lecture 5 | Modeling Activity"""
Freelancer.com,"Ajoy, these Graphic Design, Branding, and Photoshop projects and contests might interest you"
LinkedIn Premium,"Ajoy, your profile is getting hits"
iubat cse (Classroo.,"New announcement: ""Today and tomorrow's class is postponed."""
Netlify,Stop paying for people. 
Free-eBooks.net,Our Biggest Best Self Improvement Collection
Project Management ., Leadership vs. Management in Project Environments: Why the Difference Defines Success
Data Solution-360 (.,"New announcement: ""Class 46: 13 April, 2026
Recorded Class…"""
Freelancer.com,"Ajoy, these Graphic Design, Adobe Illustrator, and Photoshop projects and contests might interest you"
Project Management ., Project Portfolio Control — All Your Projects. One Dashboard. One Decision Point.
Hisham Sarwar via L.,Still Confused About Online Opportunities? Let’s Fix That (Guaranteed). LIVE Session 3 PM (Tuesday)
Freelancer.com,Vote NOW. You earned this! 
The Economist via L.,There is time to resurrect talks between America and Iran
Infyntrek HR,Official Internship Offer – Data Science & Machine Learning Program at Infyntrek Systèmes
World Health Organi.,"Global Health in Action: Science, Healthy Cities and One Health"
Freelancer.com,New activity in Freelancer Onboarding
Md. Saidur Rahman (.,"New announcement: ""Chapter 2, 4 Slide"""
Marketing Departmen.,Nazarbayev University: New Programs Alert 
Awesome Analytics v.,4 Excel Updates Released This Month
Freelancer.com,"Ajoy, these Graphic Design, Logo Design, and Photoshop projects and contests might interest you"
Project Management .,"Multi-Project Resource Conflict Resolver Template (Excel) — PMO Dashboard, Capacity Heatmap, Conflict Detection & Cost Impact"
Infyntrek Systèmes .,Your Infyntrek Systèmes OTP is Here – Login Access for Test
noreply,"Codeforces Round 1093 (Div. 1, Div. 2)"
Google,Security alert
Project Management .,How to Give Bad News to Stakeholders Professionally
Freelancer.com,"Ajoy, these Graphic Design, Photoshop, and Logo Design projects and contests might interest you"
Zoom,Pathway to Peace Youth Consultation Confirmation
IYCforYouth,IYC13 Delegates: Meeting tomorrow for Pathway to Peace Consultation
Project Management .,How Dashboards Improve Project Decision-Making
Sanjana Patra,Google - Software Engineer (Multiple Roles) | Apply
Md. Min Khayer (Cla.,"New announcement: ""Please find the attached file of…"""
Data Solution-360 (.,"New announcement: ""Class 44: 10 April, 2026
Recorded Class…"""
Freelancer.com,"Ajoy, these Graphic Design, Logo Design, and Adobe Illustrator projects and contests might interest you"
noreply,"Codeforces Round 1092 (Div. 1, Div. 2, Based on THUPC 2026 — Finals) "
Free-eBooks.net,Limited Offer. Open Today.
LeetCode,LeetCode Weekly Digest
PayPal Communicatio.,We're making some changes to our PayPal legal agreements
Midea Building Tech.,Precision Cooling for AI Data Centers: MBT’s Cooling Solution for the 1000P Pengcheng Cloud Brain II
Forms Response Rece.,Thanks for filling out this form: SUMMER INDUSTRIAL CAREER ADVANCEMENT PROGRAM 2026 (IN COLLABORATION WITH IBM)
IBM OPERATIONS,Fwd: Unlock New Skills – Limited Seats Available for summer IBM Workshop 2026
Begin Group,How to apply for studies abroad in 2026
Alibaba,Hot-Selling Products Rankings
Chanda Subedi,Connecting via LinkedIn: Externship Opportunities for Students
Chanda Extern,Connecting via LinkedIn: Externship Opportunities for Students
AHZ,Exciting Rewards Await at the Biggest UK Study Fest Tomorrow!
Alibaba, ≤ $9.9! Luxe for Less
Strikingly Team,30% Off St Patrick's Day Sale – Last 24 Hours
AHZ,Your chance to study in UK is closer than ever!
ajoy Goala,(no subject)
Alibaba, ≤ $9.9! Luxe for Less
AHZ,Change Your Life with a UK Degree
Alibaba,You have an unclaimed benefit
Alibaba,You have an unclaimed benefit
Free-eBooks.net, [Mystery Editor's Picks] Dark Mysteries & Haunting Tales: Free eBooks
